{"epoch": 4, "train_acc": 87.22183453516321, "train_loss": 0.48284348494866314, "val_acc": 87.22183453516321, "val_loss": 0.7686639112584731, "_timestamp": 1667666002.0227919, "_runtime": 697.4129328727722, "_step": 4, "_wandb": {"runtime": 696}}