{"epoch": 4, "train_acc": 87.23047938036424, "train_loss": 0.47152919907655033, "val_acc": 5.161185281667209, "val_loss": 1.2260087430477142, "_timestamp": 1667639275.2079082, "_runtime": 735.0210032463074, "_step": 4, "_wandb": {"runtime": 734}}