{"epoch": 4, "train_acc": 87.20632705280298, "train_loss": 0.49180812111087874, "val_acc": 45.85562533922617, "val_loss": 1.0779971842672311, "_timestamp": 1667668982.1585941, "_runtime": 701.9149181842804, "_step": 4, "_wandb": {"runtime": 701}}