{"epoch": 4, "train_acc": 87.20256785988417, "train_loss": 0.4907599629036018, "val_acc": 5.112341256919571, "val_loss": 1.3121355921030045, "_timestamp": 1667640003.6647522, "_runtime": 713.609429359436, "_step": 4, "_wandb": {"runtime": 712}}