{"epoch": 4, "train_acc": 87.22183453516321, "train_loss": 0.47403690920156594, "val_acc": 5.737768473288361, "val_loss": 1.7807786043952494, "_timestamp": 1667671089.14252, "_runtime": 679.9147689342499, "_step": 4, "_wandb": {"runtime": 678}}