{"epoch": 4, "train_acc": 87.22183453516321, "train_loss": 0.4760910921237048, "val_acc": 5.753275955648601, "val_loss": 1.4014911020503324, "_timestamp": 1667668260.947466, "_runtime": 697.4485290050507, "_step": 4, "_wandb": {"runtime": 696}}