{"epoch": 4, "train_acc": 87.22183453516321, "train_loss": 0.4804568810790193, "val_acc": 87.15205086454215, "val_loss": 0.8787316025472155, "_timestamp": 1667664464.503853, "_runtime": 910.2844941616058, "_step": 4, "_wandb": {"runtime": 909}}