{"epoch": 4, "train_acc": 87.20632705280298, "train_loss": 0.4714962641398112, "val_acc": 7.032643250368302, "val_loss": 1.491506536801656, "_timestamp": 1667666718.586281, "_runtime": 704.7187881469727, "_step": 4, "_wandb": {"runtime": 703}}