{"epoch": 4, "train_acc": 87.22183453516321, "train_loss": 0.4837909644725276, "val_acc": 86.95045359385904, "val_loss": 0.8849015867008883, "_timestamp": 1667669700.6871989, "_runtime": 705.0299868583679, "_step": 4, "_wandb": {"runtime": 704}}