{"epoch": 4, "train_acc": 86.67224897076268, "train_loss": 0.5099086213324752, "val_acc": 87.77271247150765, "val_loss": 0.7676410153508186, "_timestamp": 1667638526.923917, "_runtime": 885.1692261695862, "_step": 4, "_wandb": {"runtime": 884}}