{"epoch": 4, "train_acc": 87.22183453516321, "train_loss": 0.4752357041134554, "val_acc": 6.02465689695278, "val_loss": 1.315908950917861, "_timestamp": 1667667550.02319, "_runtime": 811.2663171291351, "_step": 4, "_wandb": {"runtime": 810}}