{"epoch": 2, "train_acc": 87.23047938036424, "train_loss": 0.47482602378087385, "val_acc": 87.8215564962553, "val_loss": 0.8151800421377023, "_timestamp": 1667637554.634954, "_runtime": 427.2082669734955, "_step": 2}