{"epoch": 4, "train_acc": 87.22183453516321, "train_loss": 0.47265054548487945, "val_acc": 7.017135768008063, "val_loss": 1.6419948619954727, "_timestamp": 1667665294.9323719, "_runtime": 819.433501958847, "_step": 4, "_wandb": {"runtime": 818}}