{"epoch": 4, "train_acc": 87.23047938036424, "train_loss": 0.5067113776292119, "val_acc": 7.066102246825139, "val_loss": 1.4414661824703217, "_timestamp": 1667640745.560887, "_runtime": 731.357794046402, "_step": 4, "_wandb": {"runtime": 730}}