{"epoch": 2, "train_acc": 87.22350150024423, "train_loss": 0.6559132561087608, "val_acc": 7.114946271572778, "val_loss": 1.3751639127731323, "_timestamp": 1667640482.962332, "_runtime": 468.75923895835876, "_step": 2}