{"epoch": 4, "train_acc": 86.8961774055982, "train_loss": 0.47392355343874765, "val_acc": 7.017135768008063, "val_loss": 1.3758955539441575, "_timestamp": 1667670397.000524, "_runtime": 686.3471109867096, "_step": 4, "_wandb": {"runtime": 685}}